tstamp,amps1,amps2,celsius1,celsius2,celsius3
1711340022.830337,0.3562030864724024,1.4594402436162643,37.20630355598393,53.1779801300241,31.16729834175301
1711340023.834017,0.0009024988923492794,1.6226595461864535,38.03735794630296,52.30031947493279,37.53556606433091
1711340024.844674,1.4228934168384888,0.781327958564175,36.09154215127487,24.059285440441055,37.413603215975456
1711340025.8503768,2.340607375340433,2.5699301126715084,32.552212128923905,32.823828856254195,41.96548503535014
1711340026.8587022,0.48536201322054784,0.19963498253697154,34.518389707599724,48.423914238797764,45.04608616406183
